Effective Date,Calendar Year,Country Code,Country,Merchandise,WRO/Finding,Industry,Status,Press Release,Entity,Remarks
1953-12-28,1953,MX,Mexico,Furniture,Finding,Consumer Products and Mass Merchandising,Active,,"State Penitentiary, Ciudad Victoria, Tamaulipas, Mexico","""Customs,"" Treasury Decisions. U.S. Treasury Department 88 (1953): 416; T.D. 53408"
1958-10-29,1958,MX,Mexico,Furniture,Finding,Consumer Products and Mass Merchandising,Active,,"State Penitentiary, Ciudad Victoria, Tamaulipas, Mexico","""Customs,"" Treasury Decisions. U.S. Treasury Department 93 (1958): 517-518; T.D. 54725"
1991-11-06,1991,CN,China,Planing Machines,WRO, ,Active,,Xiang-Yang Machinery Plant,
1991-11-14,1991,CN,China,Diesel Engines,WRO,Automotive and Aerospace,Active,,"Yunnan Machinery, a/k/a Golden Horse (JinMa) Diesel Factory, a/k/a Yunnan 1st Prison",See China Finding.
1991-12-02,1991,CN,China,Machine Presses,WRO,Machinery,Active,,Xuzhou Forging and Pressing Machine Works,See China Finding.
1992-02-25,1992,CN,China,Galvanized Pipe,WRO,Base Metals,Active,,Shandong Laiyang Heavy Duty Machinery Factory,
1992-03-18,1992,CN,China,Diesel Engines,Finding,Automotive and Aerospace,Active,,"Yunnan Machinery, a/k/a Golden Horse (JinMa) Diesel Factory, a/k/a Yunnan 1st Prison","""U.S. Customs Service- Treasury Decisions ,"" Customs Bulletin 26 (1992): 85-86; T.D. 92-27

See China WRO."
1992-05-22,1992,CN,China,Sheepskin and Leather,WRO,Agriculture and Prepared Products,Active,,"Qinghai Hide & Garment Factory, a/k/a Qinghai Leather and Wool Bedding and Garment Factory, a/k/a Qinghai Fur and Cloth Factory",See China Finding.
1992-06-26,1992,CN,China,Tea,WRO,Agriculture and Prepared Products,Active,,Miao Chi Tea Farm,
1992-06-26,1992,CN,China,Cast Iron Items,WRO,Base Metals,Active,,Wang Tsang Coal and Iron Factory,
1992-07-15,1992,CN,China,Drilling Machines,WRO,Machinery,Active,,"Zi Gong Machinery Factory, a/k/a Zigong Machinery Factory, a/k/a Sichuan (Szechuan) Zigong Labor Reform Detachment",
1992-07-15,1992,CN,China,Auto Parts and Machinery,WRO,Automotive and Aerospace,Active,,"Ya An Auto Parts Factory, a/k/a Sichuan (Szechuan) Bin-Jiang Enterprises Company",
1992-07-17,1992,CN,China,Sulfuric (Sulphuric) Acid,WRO,"Pharmaceuticals, Health and Chemicals",Active,,Da Wei Chemical Factory,
1992-08-03,1992,CN,China,Electric Fans and Zinc-Coated Wire,WRO,Electronics,Active,,"Sichuan (Szechuan) Xinsheng (New Life) Labor Factory, a/k/a Xinsheng (New Life) Labor Factory",
1992-08-14,1992,CN,China,Asbestos,WRO,"Pharmaceuticals, Health and Chemicals",Active,,"Hsin Kang Asbestos Mine, a/k/a Sichuan (Szechuan) Pin Chiang Enterprise Company",
1992-08-14,1992,CN,China,Machine Presses,Finding,Machinery,Active,,Xuzhou Forging and Pressing Machine Works,"""U.S. Customs Service- Treasury Decisions ,"" Customs Bulletin 26 (1992): 251 - 253; T.D. 92-78

See China WRO."
1993-06-11,1993,CN,China,Sheepskin and Leather,Finding,Agriculture and Prepared Products,Active,,"Qinghai Hide & Garment Factory, a/k/a Qinghai Leather and Wool Bedding and Garment Factory, a/k/a Qinghai Fur and Cloth Factory","Federal Register: 58 FR 32745

""U.S. Customs Service - Treasury Decisions,"" Customs Bulletin 27 (1993): 148 - 150; T.D. 93-41

See China WRO."
1993-07-08,1993,CN,China,Hoists,WRO,Machinery,Active,,"Wulin (or Wuling) Machinery Works, a/k/a Hangzhou Wulin Machinery Plant, a/k/a Hangzhou Wulin Machinery Works, a/k/a Zhejiang Province No. 4 Prison",
1993-08-06,1993,CN,China,Hoists,WRO,Machinery,Active,,"Wuyi Machinery Plant, a/k/a Zhejiang Light Duty Lifting Machinery Factory China, a/k/a Zhejiang Province No. 1 Prison",
1993-09-01,1993,CN,China,"Rubber Gloves, Condoms, Rubber Raincoats, and Rubber Footwear",WRO,Industrial and Manufacturing Materials,Active,,"Shenyang New Life Rubber Factory, a/k/a Shenyang Xingsheng (or Xinsheng) (New Life) Rubber Plant, a/k/a Shenyang No. 2 Laogai Detachment, a/k/a Shenyang Dabei Prison, a/k/a Shenyang Model Prison",
1993-09-03,1993,CN,China,Rubber Vulcanization Accelerators,WRO,"Pharmaceuticals, Health and Chemicals",Active,,"Shenyang Xinsheng (New Life) Chemical Works, a/k/a Shenyang Dongbei Assistant Agent Main Factory, a/k/a Xinsheng Chemical Factory, a/k/a Shenyang No. 1 Laogai Detachment, a/k/a Shenyang Reform Through Labor Second Reform Division",
1994-06-12,1994,JP,Japan,Video Games and Connector Plugs Thereof,WRO,Consumer Products and Mass Merchandising,Active,,"Fuchu Prison; Union Kogyo Co., Ltd.",
1994-12-21,1994,CN,China,Artificial Flowers,WRO,Consumer Products and Mass Merchandising,Active,,"Guangzhou No. 1 Reeducation-Through-Labor Camp, a/k/a Guangdong Province No. 1 Reeducation-Through-Labor Camp; Kwong Ngai Industrial Company",
1995-04-27,1995,CN,China,Tea,WRO,Agriculture and Prepared Products,Active,,"Nanhu Tree Farm, Zhejiang Sanmei Tea Co., Ltd.; Imaizumi Tea Manufacturing & Trading Co., Ltd. (of Nagoya, Japan)",
1995-10-06,1995,CN,China,Malleable Iron Pipe Fittings,WRO,Base Metals,Active,,"Tianjin Malleable Iron Factory, a/k/a Tianjin Tongbao Fittings Company, a/k/a Tianjin No. 2 Malleable Iron Plant, a/k/a Tianjin Secondary Mugging Factory, a/k/a Tianjin No. 2 Prison",See China Finding.
1996-04-23,1996,CN,China,Malleable Iron Pipe Fittings,Finding,Base Metals,Active,https://www.federalregister.gov/documents/1996/04/23/96-9875/determination-that-merchandise-imported-from-the-peoples-republic-of-china-is-produced-using-convict,"Tianjin Malleable Iron Factory, a/k/a Tianjin Tongbao Fittings Company, a/k/a Tianjin No. 2 Malleable Iron Plant, a/k/a Tianjin Secondary Mugging Factory, a/k/a Tianjin No. 2 Prison","Federal Register: 61 FR 17956

""U.S. Customs Service- Treasury Decisions,"" Customs Bulletin 30 (1996): 153; T.D. 96-34

See China WRO."
1998-07-21,1998,NP,Nepal,"Carpets, Hand-Knotted Wool",WRO,"Apparel, Footwear and Textiles",Partially Modified,https://www.cbp.gov/newsroom/national-media-release/cbp-modifies-withhold-release-order-imports-carpets-and-hand-knotted,"Kumar Carpet Pvt., Singhe Carpet Pvt., Ltd., Norsang Carpet Industries Pvt., Ltd., Annapurna Carpet, Everest Carpet, Valley Carpet, and K.K. Carpet Industries; Kathmandu.","CBP has removed Hand-Knotted Wool Carpets produced in Nepal from the Order that are produced by the following:  

Annapurna Carpet removed from the order, 7/23/2021

Everest Carpet, K.K. Carpet Industries; and Norsang Carpet Industries Pvt., Ltd. removed from the order, 10/6/1998"
1999-11-23,1999,IN,India,Beedi Cigarettes and Other Tobacco Products,WRO,Agriculture and Prepared Products,Active,,Mangalore Ganesh Beedi Works,
2016-03-29,2016,CN,China,"Soda Ash, Calcium Chloride, and Caustic Soda",WRO,"Pharmaceuticals, Health and Chemicals",Partially Modified,https://www.cbp.gov/newsroom/national-media-release/cbp-commissioner-issues-detention-order-chemical-fiber-products,Tangshan Sanyou Group and its Subsidiaries,"Viscose/Rayon Fiber removed from the order, by Commissioner Memorandum, 10/12/2016"
2016-05-20,2016,CN,China,Stevia and its Derivatives,WRO,"Pharmaceuticals, Health and Chemicals",Active,,"Inner Mongolia Hengzheng Group Baoanzhao Agriculture, Industry, and Trade Co., Ltd.",See China Finding.
2016-09-16,2016,CN,China,Peeled Garlic,WRO,Agriculture and Prepared Products,Active,,"Hongchang Fruits & Vegetable Products Co., Ltd.",
2018-03-05,2018,CN,China,All Products,WRO,All,Active,,Huizhou Mink Industrial CO. Ltd.,
2018-05-18,2018,TM,Turkmenistan,Cotton,WRO,Agriculture and Prepared Products,Active,,All Turkmenistan Cotton or products produced in whole or in part with Turkmenistan cotton.,
2019-09-30,2019,CN,China,All Garments,WRO,"Apparel, Footwear and Textiles",Active,https://www.cbp.gov/newsroom/national-media-release/cbp-issues-detention-orders-against-companies-suspected-using-forced,"Hetian Taida Apparel Co., Ltd.",Enforcement of WRO superseded by enforcement of UFLPA rebuttable presumption
2019-09-30,2019,ZW,Zimbabwe,Artisanal Rough Cut Diamonds,WRO,Industrial and Manufacturing Materials,Active,https://www.cbp.gov/newsroom/national-media-release/cbp-issues-detention-orders-against-companies-suspected-using-forced,Marange Diamond Fields,
2019-09-30,2019,CD,Democratic Republic of Congo,Gold,WRO,Base Metals,Partially Modified,https://www.cbp.gov/newsroom/national-media-release/cbp-modifies-withhold-release-order-gold-imports-democratic-republic,Artisanal Small Mines,
2019-11-01,2019,MW,Malawi,Tobacco,WRO,Agriculture and Prepared Products,Partially Modified,https://www.cbp.gov/newsroom/national-media-release/cbp-modifies-withhold-release-order-certain-tobacco-imports-premium,Tobacco produced in Malawi and products containing tobacco produced in Malawi,"CBP has removed tobacco and products containing tobacco produced in Malawi from the order that are produced by the following:

Premium Tobacco Malawi Lt (PTML) removed from the order, 5/21/2021

Limbe Leaf Tobacco Company Limited (LLTC) removed from the order, 07/31/2020

Alliance One International removed from the order, 06/03/2020"
2020-05-01,2020,CN,China,Hair Products,WRO,"Pharmaceuticals, Health and Chemicals",Active,https://www.cbp.gov/newsroom/national-media-release/cbp-issues-detention-order-hair-products-manufactured-forced-labor,"Hetian Haolin Hair Accessories Co., Ltd.",Enforcement of WRO superseded by enforcement of UFLPA rebuttable presumption
2020-06-17,2020,CN,China,Hair Products,WRO,"Pharmaceuticals, Health and Chemicals",Active,https://www.cbp.gov/newsroom/national-media-release/cbp-issues-detention-order-hair-products-manufactured-forced-labor-0,"Lop County Meixin Hair Products Co., Ltd.",Enforcement of WRO superseded by enforcement of UFLPA rebuttable presumption
2020-08-11,2020,CN,China,Garments,WRO,"Apparel, Footwear and Textiles",Active,https://www.cbp.gov/newsroom/national-media-release/cbp-issues-detention-order-garments-manufactured-prison-labor-china,Hero Vast Group,
2020-08-18,2020,FV,Fishing Vessels,Seafood,WRO,Agriculture and Prepared Products,Active,https://www.cbp.gov/newsroom/national-media-release/cbp-issues-detention-order-seafood-harvested-forced-labor-0,Fishing Vessel: Da Wang,See Fishing Vessels Finding.
2020-08-25,2020,CN,China,All Products,WRO,All,Active,https://www.cbp.gov/newsroom/national-media-release/dhs-cracks-down-goods-produced-china-s-state-sponsored-forced-labor,No. 4 Vocational Skills Education Training Center (VSETC),Enforcement of WRO superseded by enforcement of UFLPA rebuttable presumption
2020-08-25,2020,CN,China,Hair Products,WRO,"Pharmaceuticals, Health and Chemicals",Active,https://www.cbp.gov/newsroom/national-media-release/cbp-issues-detention-order-hair-products-manufactured-forced-labor-0,Lop County Hair Product Industrial Park,Enforcement of WRO superseded by enforcement of UFLPA rebuttable presumption
2020-09-03,2020,CN,China,Apparel,WRO,"Apparel, Footwear and Textiles",Active,https://www.cbp.gov/newsroom/national-media-release/dhs-cracks-down-goods-produced-china-s-state-sponsored-forced-labor,"Yili Zhuowan Garment Manufacturing Co., Ltd. and Baoding LYSZD Trade and Business Co., Ltd.",Enforcement of WRO superseded by enforcement of UFLPA rebuttable presumption
2020-09-08,2020,CN,China,Computer Parts,WRO,Electronics,Active,https://www.cbp.gov/newsroom/national-media-release/dhs-cracks-down-goods-produced-china-s-state-sponsored-forced-labor,"Hefei Bitland Information Technology Co., Ltd.",Enforcement of WRO superseded by enforcement of UFLPA rebuttable presumption
2020-09-08,2020,CN,China,Cotton and Processed Cotton,WRO,Agriculture and Prepared Products,Active,https://www.cbp.gov/newsroom/national-media-release/dhs-cracks-down-goods-produced-china-s-state-sponsored-forced-labor,"Xinjiang Junggar Cotton and Linen Co., Ltd.",Enforcement of WRO superseded by enforcement of UFLPA rebuttable presumption
2020-10-20,2020,CN,China,Stevia Extracts and Derivatives,Finding,Agriculture and Prepared Products,Active,https://www.federalregister.gov/documents/2020/10/20/2020-23123/notice-of-finding-that-certain-stevia-extracts-and-derivatives-produced-in-the-peoples-republic-of,"Inner Mongolia Hengzheng Group Baoanzhao Agriculture, Industry, and Trade Co., Ltd.","Federal Register:  85 FR 66574

Customs Bulletin: Vol. 54, November 4, 2020, No. 43 

See China WRO."
2020-11-30,2020,CN,China,Cotton and Cotton Products,WRO,Agriculture and Prepared Products,Active,https://www.cbp.gov/newsroom/national-media-release/dhs-cracks-down-goods-produced-china-s-state-sponsored-forced-labor,Xinjiang Production and Construction Corporation (XPCC) and its subordinates,Enforcement of WRO superseded by enforcement of UFLPA rebuttable presumption
2020-12-31,2020,FV,Fishing Vessels,Seafood,WRO,Agriculture and Prepared Products,Active,https://www.cbp.gov/newsroom/national-media-release/cbp-issues-withhold-release-order-seafood-harvested-forced-labor,Fishing Vessel: Lien Yi Hsing No. 12,
2021-01-13,2021,CN,China,"Cotton, Tomatoes and Downstream Products",WRO,Agriculture and Prepared Products,Active,https://www.cbp.gov/trade/programs-administration/forced-labor/xinjiang-uyghur-autonomous-region-wro-frequently-asked-questions,Xinjiang Uyghur Autonomous Region (XUAR),Enforcement of WRO superseded by enforcement of UFLPA rebuttable presumption
2021-05-26,2021,FV,Fishing Vessels,Seafood,WRO,Agriculture and Prepared Products,Active,https://www.cbp.gov/newsroom/national-media-release/cbp-issues-withhold-release-order-chinese-fishing-fleet,Fishing Vessels owned by Dalian Ocean Fishing Co. Ltd.,
2021-06-23,2021,CN,China,Silica-based products,WRO,Industrial and Manufacturing Materials,Partially Modified,https://www.cbp.gov/newsroom/national-media-release/department-homeland-security-issues-withhold-release-order-silica,Hoshine Silicon Industry Co. Ltd. and Subsidiaries,"CBP has removed silicia-based products produced in China  from the order that are produced by the following:

Hoshine Silicon (Jia Xing) Industry Co., Ltd. removed from the order, 7/14/2026   

Enforcement of WRO superseded by enforcement of UFLPA rebuttable presumption "
2021-08-04,2021,FV,Fishing Vessels,Seafood,WRO,Agriculture and Prepared Products,Active,https://www.cbp.gov/newsroom/national-media-release/cbp-issues-withhold-release-order-seafood-harvested-forced-labor-0,Fishing Vessel: Hangton No. 112,
2021-10-21,2021,MX,Mexico,Fresh Tomatoes,WRO,Agriculture and Prepared Products,Active,https://www.cbp.gov/newsroom/national-media-release/cbp-issues-withhold-release-order-tomatoes-produced-farm-mexico,Agropecuarios Tom S.A. de C.V. and Horticola Tom S.A. de C.V. and their subsidiaries,
2022-01-28,2022,FV,Fishing Vessels,Seafood,Finding,Agriculture and Prepared Products,Active,https://www.federalregister.gov/documents/2022/01/28/2022-01778/notice-of-finding-that-certain-seafood-harvested-by-the-taiwanese-da-wang-fishing-vessel-with-the,Fishing Vessel: Da Wang,"Federal Register: 87 FR 4634

Customs Bulletin: Vol. 56, February 16, 2022, No. 6

See Fishing Vessels WRO."
2024-04-10,2024,CN,China,Work Gloves,WRO,"Apparel, Footwear and Textiles",Active,https://www.cbp.gov/newsroom/national-media-release/cbp-issues-withhold-release-order-shanghai-select-safety-products,"Shanghai Select Safety Products Company, Limited and its two subsidiaries from China, Select (Nantong) Safety Products Co. Limited and Select Protective Technology (HK) Limited.",
2024-11-01,2024,SO,Somalia,Frankincense and frankincense-based products,WRO,"Pharmaceuticals, Health and Chemicals",Active,https://www.cbp.gov/newsroom/national-media-release/cbp-issues-withhold-release-order-against-asli-maydi,Asli Maydi,
2024-12-04,2024,DO,Dominican Republic,Aluminum extrusions and profile products,Finding,Base Metals,Inactive-Pending Litigation,https://www.cbp.gov/newsroom/national-media-release/cbp-will-seize-aluminum-products-manufactured-using-forced-labor,Kingtom Aluminio S.R.L.,"Federal Register: 89 FR 96265

Customs Bulletin: Vol. 58, December 18, 2024, No. 50"
2025-04-02,2025,KR,South Korea,Sea Salt Products,WRO,Industrial and Manufacturing Materials,Active,https://www.cbp.gov/newsroom/national-media-release/cbp-issues-withhold-release-order-taepyung-salt-farm,Taepyung Salt Farm,
2025-05-28,2025,FV,Fishing Vessels,Seafood,WRO,Agriculture and Prepared Products,Active,https://www.cbp.gov/newsroom/national-media-release/cbp-issues-withhold-release-order-zhen-fa-7,Fishing Vessel: Zhen Fa 7,
2025-09-24,2025,TW,Taiwan,Bicycles and bicycle parts,WRO,Consumer Products and Mass Merchandising,Active,https://www.cbp.gov/newsroom/national-media-release/cbp-issues-withhold-release-order-giant-manufacturing-co-ltd,"Giant Manufacturing Co., Ltd.",
2025-11-18,2025,MU,Mauritius,"Garments, apparel and textiles",WRO,"Apparel, Footwear and Textiles",Active,https://www.cbp.gov/newsroom/national-media-release/cbp-issues-withhold-release-order-firemount-group-ltd,Firemount Group Ltd.,
2025-12-18,2025,RS,Serbia,Automobile Tires,WRO,Automotive and Aerospace,Active,https://www.cbp.gov/newsroom/national-media-release/cbp-issues-withhold-release-order-linglong-international-europe-doo,Linglong International Europe D.O.O. Zrenjanin,
2026-01-29,2026,MX,Mexico,Coffee,WRO,Agriculture and Prepared Products,Active,https://www.cbp.gov/newsroom/national-media-release/cbp-issues-wro-against-finca-monte-grande,Finca Monte Grande,
2026-06-16,2026,RS,Serbia,Copper and Copper Products,WRO,Base Metals,Active,https://www.cbp.gov/newsroom/national-media-release/cbp-issues-withhold-release-order-serbia-zijin-copper-doo,Serbia Zijin Copper D.O.O..,
2026-06-23,2026,JO,Jordan,Garments,WRO,"Apparel, Footwear and Textiles",Active,https://www.cbp.gov/newsroom/national-media-release/cbp-issues-2-withhold-release-orders-needle-craft-and-casual-wear,Needle Craft Ltd,
2026-06-23,2026,JO,Jordan,Garments,WRO,"Apparel, Footwear and Textiles",Active,https://www.cbp.gov/newsroom/national-media-release/cbp-issues-2-withhold-release-orders-needle-craft-and-casual-wear,Casual Wear Apparel L.L.C.,
